{
  "project_info": {
    "project_number": "679671290360",
    "firebase_url": "https://projeto-de-testes-ead.firebaseio.com",
    "project_id": "projeto-de-testes-ead",
    "storage_bucket": "projeto-de-testes-ead.appspot.com"
  },
  "client": [
    {
      "client_info": {
        "mobilesdk_app_id": "1:679671290360:android:c8c5cf2a3f0064a3",
        "android_client_info": {
          "package_name": "com.example.rafaelliberato.projetodetestesead"
        }
      },
      "oauth_client": [
        {
          "client_id": "679671290360-5tup8e1ra0re55c6p35nmoesf4jmpivv.apps.googleusercontent.com",
          "client_type": 1,
          "android_info": {
            "package_name": "com.example.rafaelliberato.projetodetestesead",
            "certificate_hash": "fc04e05409692aab8fb461d124827a567e207e83"
          }
        },
        {
          "client_id": "679671290360-d5o93abvkqdj7ech5qbdjkddqs5l8lo4.apps.googleusercontent.com",
          "client_type": 3
        }
      ],
      "api_key": [
        {
          "current_key": "AIzaSyBcHNRZA7-pxew9T1m0MgKuxeWFcZwBG2Y"
        }
      ],
      "services": {
        "analytics_service": {
          "status": 1
        },
        "appinvite_service": {
          "status": 2,
          "other_platform_oauth_client": [
            {
              "client_id": "679671290360-d5o93abvkqdj7ech5qbdjkddqs5l8lo4.apps.googleusercontent.com",
              "client_type": 3
            }
          ]
        },
        "ads_service": {
          "status": 2
        }
      }
    }
  ],
  "configuration_version": "1"
}